{"cameraMode":{"drawMode":0,"name":"Shaded","section":"Shading Mode"},"sceneLighting":false,"audioPlay":false,"sceneViewState":{"m_AlwaysRefresh":false,"showFog":true,"showSkybox":false,"showFlares":true,"showImageEffects":true,"showParticleSystems":true,"showVisualEffectGraphs":true,"m_FxEnabled":true},"in2DMode":false,"pivot":{"x":-2.999896764755249,"y":4.691989421844482,"z":2.6650137901306154},"rotation":{"x":0.024960679933428766,"y":0.9557929635047913,"z":-0.28034576773643496,"w":0.08509937673807144},"size":0.704767644405365,"orthographic":false}