{"cameraMode":{"drawMode":0,"name":"Shaded","section":"Shading Mode"},"sceneLighting":false,"audioPlay":false,"sceneViewState":{"m_AlwaysRefresh":false,"showFog":true,"showSkybox":false,"showFlares":true,"showImageEffects":true,"showParticleSystems":true,"showVisualEffectGraphs":true,"m_FxEnabled":true},"in2DMode":false,"pivot":{"x":-2.9791228771209719,"y":3.8000547885894777,"z":2.6430604457855226},"rotation":{"x":-0.004871658515185118,"y":0.9913684129714966,"z":0.12526585161685944,"w":0.038669802248477939},"size":1.1354098320007325,"orthographic":false}