{"cameraMode":{"drawMode":0,"name":"Shaded","section":"Shading Mode"},"sceneLighting":false,"audioPlay":false,"sceneViewState":{"m_AlwaysRefresh":false,"showFog":true,"showSkybox":false,"showFlares":true,"showImageEffects":true,"showParticleSystems":true,"showVisualEffectGraphs":true,"m_FxEnabled":true},"in2DMode":false,"pivot":{"x":-2.999422550201416,"y":3.9093070030212404,"z":2.9981653690338136},"rotation":{"x":-0.00023270331439562142,"y":-0.6600619554519653,"z":0.0002041610423475504,"w":-0.7512090802192688},"size":1.2344367504119874,"orthographic":false}