{"cameraMode":{"drawMode":0,"name":"Shaded","section":"Shading Mode"},"sceneLighting":false,"audioPlay":false,"sceneViewState":{"m_AlwaysRefresh":false,"showFog":true,"showSkybox":false,"showFlares":true,"showImageEffects":true,"showParticleSystems":true,"showVisualEffectGraphs":true,"m_FxEnabled":true},"in2DMode":false,"pivot":{"x":-2.8343048095703127,"y":4.655572891235352,"z":2.179065465927124},"rotation":{"x":0.10028384625911713,"y":0.08347086608409882,"z":-0.008442645892500878,"w":0.9914131164550781},"size":0.8266460299491882,"orthographic":false}