{"cameraMode":{"drawMode":0,"name":"Shaded","section":"Shading Mode"},"sceneLighting":true,"audioPlay":false,"sceneViewState":{"m_AlwaysRefresh":false,"showFog":true,"showSkybox":true,"showFlares":true,"showImageEffects":true,"showParticleSystems":true,"showVisualEffectGraphs":true,"m_FxEnabled":true},"in2DMode":false,"pivot":{"x":326.093505859375,"y":59.93486785888672,"z":-2.45880126953125},"rotation":{"x":-0.052778758108615878,"y":0.015575696714222432,"z":-0.0008239118033088744,"w":-0.9984833002090454},"size":251.90208435058595,"orthographic":false}