{"cameraMode":{"drawMode":0,"name":"Shaded","section":"Shading Mode"},"sceneLighting":true,"audioPlay":false,"sceneViewState":{"m_AlwaysRefresh":false,"showFog":true,"showSkybox":true,"showFlares":true,"showImageEffects":true,"showParticleSystems":true,"showVisualEffectGraphs":true,"m_FxEnabled":true},"in2DMode":false,"pivot":{"x":-1.3999996185302735,"y":10.635000228881836,"z":1.4900002479553223},"rotation":{"x":-0.06707699596881867,"y":-0.14110128581523896,"z":0.00958220288157463,"w":-0.9876736998558044},"size":22.380945205688478,"orthographic":false}