{"cameraMode":{"drawMode":0,"name":"Shaded","section":"Shading Mode"},"sceneLighting":true,"audioPlay":false,"sceneViewState":{"m_AlwaysRefresh":false,"showFog":true,"showSkybox":true,"showFlares":true,"showImageEffects":true,"showParticleSystems":true,"showVisualEffectGraphs":true,"m_FxEnabled":true},"in2DMode":false,"pivot":{"x":-5.805257797241211,"y":2.467444896697998,"z":-1.1369140148162842},"rotation":{"x":-0.02983354590833187,"y":0.8832513093948364,"z":0.05678712949156761,"w":0.46452459692955019},"size":0.8660253882408142,"orthographic":false}